model_name,family,run_name,raw_epoch,epoch,train_loss,val_loss,precision,recall,map50,map50_95,f1,time_seconds,dataset_resolution,input_resolution,training_seconds,best_weights,class_ap_biodegradable,class_ap_cardboard,class_ap_glass,class_ap_metal,class_ap_paper,class_ap_plastic
YOLOv8-S,yolo,yolov8s_data640_img640,1,1,4.60044,4.5232,0.5009,0.36678,0.39433,0.24427,0.4234743269403196,183.269,640,640,3588.532635879994,/home/mikolaj/work/yolo-vs-rfdetr/trained_weights/yolov8s_data640_img640_best.pt,,,,,,
YOLOv8-S,yolo,yolov8s_data640_img640,2,2,4.4302,4.35166,0.5083,0.38722,0.41704,0.25733,0.4395746069317943,364.644,640,640,3588.532635879994,/home/mikolaj/work/yolo-vs-rfdetr/trained_weights/yolov8s_data640_img640_best.pt,,,,,,
YOLOv8-S,yolo,yolov8s_data640_img640,3,3,4.34074,4.25309,0.53451,0.411,0.4456,0.27969,0.46468807310291305,542.818,640,640,3588.532635879994,/home/mikolaj/work/yolo-vs-rfdetr/trained_weights/yolov8s_data640_img640_best.pt,,,,,,
YOLOv8-S,yolo,yolov8s_data640_img640,4,4,4.15449,4.13849,0.54729,0.38269,0.43786,0.27464,0.45042347168707886,720.811,640,640,3588.532635879994,/home/mikolaj/work/yolo-vs-rfdetr/trained_weights/yolov8s_data640_img640_best.pt,,,,,,
YOLOv8-S,yolo,yolov8s_data640_img640,5,5,3.98536,3.7990900000000005,0.53283,0.41748,0.45796,0.3065,0.46815432521969874,897.513,640,640,3588.532635879994,/home/mikolaj/work/yolo-vs-rfdetr/trained_weights/yolov8s_data640_img640_best.pt,,,,,,
YOLOv8-S,yolo,yolov8s_data640_img640,6,6,3.8881400000000004,3.7147200000000002,0.5594,0.45236,0.51358,0.349,0.5002178065939549,1074.63,640,640,3588.532635879994,/home/mikolaj/work/yolo-vs-rfdetr/trained_weights/yolov8s_data640_img640_best.pt,,,,,,
YOLOv8-S,yolo,yolov8s_data640_img640,7,7,3.80827,3.65308,0.59208,0.45825,0.51004,0.34613,0.5166388849213898,1251.98,640,640,3588.532635879994,/home/mikolaj/work/yolo-vs-rfdetr/trained_weights/yolov8s_data640_img640_best.pt,,,,,,
YOLOv8-S,yolo,yolov8s_data640_img640,8,8,3.7042800000000002,3.53461,0.63144,0.45752,0.53701,0.3699,0.5305914428440617,1428.95,640,640,3588.532635879994,/home/mikolaj/work/yolo-vs-rfdetr/trained_weights/yolov8s_data640_img640_best.pt,,,,,,
YOLOv8-S,yolo,yolov8s_data640_img640,9,9,3.6217900000000003,3.4769099999999997,0.58981,0.4712,0.54109,0.37555,0.523875311259532,1605.78,640,640,3588.532635879994,/home/mikolaj/work/yolo-vs-rfdetr/trained_weights/yolov8s_data640_img640_best.pt,,,,,,
YOLOv8-S,yolo,yolov8s_data640_img640,10,10,3.5694399999999997,3.4420900000000003,0.59392,0.49138,0.54949,0.38485,0.5378059699617269,1783.17,640,640,3588.532635879994,/home/mikolaj/work/yolo-vs-rfdetr/trained_weights/yolov8s_data640_img640_best.pt,,,,,,
YOLOv8-S,yolo,yolov8s_data640_img640,11,11,3.5923599999999998,3.47281,0.59918,0.51211,0.55601,0.37961,0.552234015962933,1959.38,640,640,3588.532635879994,/home/mikolaj/work/yolo-vs-rfdetr/trained_weights/yolov8s_data640_img640_best.pt,,,,,,
YOLOv8-S,yolo,yolov8s_data640_img640,12,12,3.47991,3.42948,0.61896,0.47486,0.54076,0.37773,0.5374181229082139,2134.29,640,640,3588.532635879994,/home/mikolaj/work/yolo-vs-rfdetr/trained_weights/yolov8s_data640_img640_best.pt,,,,,,
YOLOv8-S,yolo,yolov8s_data640_img640,13,13,3.39071,3.3399799999999997,0.6062,0.50988,0.55509,0.38916,0.553883692924742,2309.32,640,640,3588.532635879994,/home/mikolaj/work/yolo-vs-rfdetr/trained_weights/yolov8s_data640_img640_best.pt,,,,,,
YOLOv8-S,yolo,yolov8s_data640_img640,14,14,3.28958,3.3091299999999997,0.62279,0.51166,0.56489,0.39926,0.561781887962835,2485.03,640,640,3588.532635879994,/home/mikolaj/work/yolo-vs-rfdetr/trained_weights/yolov8s_data640_img640_best.pt,,,,,,
YOLOv8-S,yolo,yolov8s_data640_img640,15,15,3.19816,3.2799500000000004,0.62215,0.52876,0.5703,0.40007,0.5716659582412423,2660.39,640,640,3588.532635879994,/home/mikolaj/work/yolo-vs-rfdetr/trained_weights/yolov8s_data640_img640_best.pt,,,,,,
YOLOv8-S,yolo,yolov8s_data640_img640,16,16,3.12717,3.2508999999999997,0.65213,0.52118,0.57926,0.41259,0.5793475098647592,2835.54,640,640,3588.532635879994,/home/mikolaj/work/yolo-vs-rfdetr/trained_weights/yolov8s_data640_img640_best.pt,,,,,,
YOLOv8-S,yolo,yolov8s_data640_img640,17,17,3.06853,3.24205,0.64864,0.53496,0.58312,0.41052,0.5863407475493525,3010.98,640,640,3588.532635879994,/home/mikolaj/work/yolo-vs-rfdetr/trained_weights/yolov8s_data640_img640_best.pt,,,,,,
YOLOv8-S,yolo,yolov8s_data640_img640,18,18,3.03734,3.22814,0.67724,0.5155,0.58502,0.41619,0.5854037258743855,3185.97,640,640,3588.532635879994,/home/mikolaj/work/yolo-vs-rfdetr/trained_weights/yolov8s_data640_img640_best.pt,,,,,,
YOLOv8-S,yolo,yolov8s_data640_img640,19,19,2.98938,3.2290400000000004,0.64638,0.52242,0.58083,0.41223,0.577826556467678,3361.42,640,640,3588.532635879994,/home/mikolaj/work/yolo-vs-rfdetr/trained_weights/yolov8s_data640_img640_best.pt,,,,,,
YOLOv8-S,yolo,yolov8s_data640_img640,20,20,2.96369,3.22387,0.65676,0.52556,0.58483,0.41485,0.5838804817641722,3536.59,640,640,3588.532635879994,/home/mikolaj/work/yolo-vs-rfdetr/trained_weights/yolov8s_data640_img640_best.pt,,,,,,
YOLOv8-M,yolo,yolov8m_data640_img640,1,1,4.70017,4.69302,0.4353,0.32594,0.32071,0.19827,0.3727646524087374,372.992,640,640,7367.071856741968,/home/mikolaj/work/yolo-vs-rfdetr/trained_weights/yolov8m_data640_img640_best.pt,,,,,,
YOLOv8-M,yolo,yolov8m_data640_img640,2,2,4.5916,4.3806400000000005,0.47721,0.36217,0.3849,0.24076,0.41180668040647644,736.16,640,640,7367.071856741968,/home/mikolaj/work/yolo-vs-rfdetr/trained_weights/yolov8m_data640_img640_best.pt,,,,,,
YOLOv8-M,yolo,yolov8m_data640_img640,3,3,4.4357299999999995,4.086790000000001,0.50193,0.36995,0.41646,0.27806,0.42595082694817415,1096.36,640,640,7367.071856741968,/home/mikolaj/work/yolo-vs-rfdetr/trained_weights/yolov8m_data640_img640_best.pt,,,,,,
YOLOv8-M,yolo,yolov8m_data640_img640,4,4,4.28638,3.9247199999999998,0.5348,0.41463,0.45574,0.30545,0.46711000073679254,1455.39,640,640,7367.071856741968,/home/mikolaj/work/yolo-vs-rfdetr/trained_weights/yolov8m_data640_img640_best.pt,,,,,,
YOLOv8-M,yolo,yolov8m_data640_img640,5,5,4.08248,3.71401,0.58864,0.43919,0.50274,0.34247,0.50304972923489,1813.27,640,640,7367.071856741968,/home/mikolaj/work/yolo-vs-rfdetr/trained_weights/yolov8m_data640_img640_best.pt,,,,,,
YOLOv8-M,yolo,yolov8m_data640_img640,6,6,3.9478999999999997,3.6992,0.56385,0.4545,0.49657,0.33436,0.5033040212102879,2177.64,640,640,7367.071856741968,/home/mikolaj/work/yolo-vs-rfdetr/trained_weights/yolov8m_data640_img640_best.pt,,,,,,
YOLOv8-M,yolo,yolov8m_data640_img640,7,7,3.8458500000000004,3.5982399999999997,0.56088,0.45357,0.50242,0.3491,0.5015492958741175,2535.96,640,640,7367.071856741968,/home/mikolaj/work/yolo-vs-rfdetr/trained_weights/yolov8m_data640_img640_best.pt,,,,,,
YOLOv8-M,yolo,yolov8m_data640_img640,8,8,3.75628,3.5115700000000003,0.55147,0.48235,0.51789,0.36018,0.5145993586886357,2898.54,640,640,7367.071856741968,/home/mikolaj/work/yolo-vs-rfdetr/trained_weights/yolov8m_data640_img640_best.pt,,,,,,
YOLOv8-M,yolo,yolov8m_data640_img640,9,9,3.66512,3.3803400000000003,0.61065,0.50295,0.55611,0.38978,0.5515919854520909,3256.97,640,640,7367.071856741968,/home/mikolaj/work/yolo-vs-rfdetr/trained_weights/yolov8m_data640_img640_best.pt,,,,,,
YOLOv8-M,yolo,yolov8m_data640_img640,10,10,3.5820799999999995,3.38538,0.60231,0.4988,0.55558,0.3883,0.5456897639649575,3621.62,640,640,7367.071856741968,/home/mikolaj/work/yolo-vs-rfdetr/trained_weights/yolov8m_data640_img640_best.pt,,,,,,
YOLOv8-M,yolo,yolov8m_data640_img640,11,11,3.56961,3.35032,0.60249,0.49593,0.55495,0.39523,0.544041196809468,3989.18,640,640,7367.071856741968,/home/mikolaj/work/yolo-vs-rfdetr/trained_weights/yolov8m_data640_img640_best.pt,,,,,,
YOLOv8-M,yolo,yolov8m_data640_img640,12,12,3.44717,3.36998,0.6041,0.50599,0.5596,0.38689,0.5507095082375747,4360.07,640,640,7367.071856741968,/home/mikolaj/work/yolo-vs-rfdetr/trained_weights/yolov8m_data640_img640_best.pt,,,,,,
YOLOv8-M,yolo,yolov8m_data640_img640,13,13,3.3232799999999996,3.26649,0.61784,0.50017,0.56036,0.40115,0.5528126453246814,4722.38,640,640,7367.071856741968,/home/mikolaj/work/yolo-vs-rfdetr/trained_weights/yolov8m_data640_img640_best.pt,,,,,,
YOLOv8-M,yolo,yolov8m_data640_img640,14,14,3.22146,3.23269,0.63878,0.51442,0.58751,0.41644,0.5698945674639525,5090.71,640,640,7367.071856741968,/home/mikolaj/work/yolo-vs-rfdetr/trained_weights/yolov8m_data640_img640_best.pt,,,,,,
YOLOv8-M,yolo,yolov8m_data640_img640,15,15,3.1195699999999995,3.21793,0.63881,0.54178,0.58421,0.40971,0.5863076627782835,5465.47,640,640,7367.071856741968,/home/mikolaj/work/yolo-vs-rfdetr/trained_weights/yolov8m_data640_img640_best.pt,,,,,,
YOLOv8-M,yolo,yolov8m_data640_img640,16,16,3.03546,3.20821,0.64928,0.54157,0.58535,0.41206,0.5905539229956832,5832.36,640,640,7367.071856741968,/home/mikolaj/work/yolo-vs-rfdetr/trained_weights/yolov8m_data640_img640_best.pt,,,,,,
YOLOv8-M,yolo,yolov8m_data640_img640,17,17,2.96353,3.1818600000000004,0.6552,0.53513,0.59005,0.42036,0.5891091982890551,6200.14,640,640,7367.071856741968,/home/mikolaj/work/yolo-vs-rfdetr/trained_weights/yolov8m_data640_img640_best.pt,,,,,,
YOLOv8-M,yolo,yolov8m_data640_img640,18,18,2.91315,3.19165,0.65052,0.52821,0.58512,0.41409,0.5830192990756297,6574.53,640,640,7367.071856741968,/home/mikolaj/work/yolo-vs-rfdetr/trained_weights/yolov8m_data640_img640_best.pt,,,,,,
YOLOv8-M,yolo,yolov8m_data640_img640,19,19,2.87366,3.17685,0.65539,0.53692,0.59175,0.41949,0.5902693071427814,6942.6,640,640,7367.071856741968,/home/mikolaj/work/yolo-vs-rfdetr/trained_weights/yolov8m_data640_img640_best.pt,,,,,,
YOLOv8-M,yolo,yolov8m_data640_img640,20,20,2.84787,3.17146,0.66109,0.53435,0.59168,0.42001,0.5910015416912675,7316.81,640,640,7367.071856741968,/home/mikolaj/work/yolo-vs-rfdetr/trained_weights/yolov8m_data640_img640_best.pt,,,,,,
YOLO11-S,yolo,yolo11s_data640_img640,1,1,4.54298,4.565239999999999,0.48436,0.32478,0.3581,0.22288,0.38883367723708034,203.133,640,640,3799.8380880419863,/home/mikolaj/work/yolo-vs-rfdetr/trained_weights/yolo11s_data640_img640_best.pt,,,,,,
YOLO11-S,yolo,yolo11s_data640_img640,2,2,4.476,4.77008,0.43884,0.33161,0.34624,0.20437,0.37776294996381626,393.134,640,640,3799.8380880419863,/home/mikolaj/work/yolo-vs-rfdetr/trained_weights/yolo11s_data640_img640_best.pt,,,,,,
YOLO11-S,yolo,yolo11s_data640_img640,3,3,4.404780000000001,4.22762,0.45992,0.37899,0.38801,0.24704,0.41555132445624016,581.244,640,640,3799.8380880419863,/home/mikolaj/work/yolo-vs-rfdetr/trained_weights/yolo11s_data640_img640_best.pt,,,,,,
YOLO11-S,yolo,yolo11s_data640_img640,4,4,4.21659,4.06344,0.5066,0.41422,0.42554,0.27438,0.4557760517794403,768.607,640,640,3799.8380880419863,/home/mikolaj/work/yolo-vs-rfdetr/trained_weights/yolo11s_data640_img640_best.pt,,,,,,
YOLO11-S,yolo,yolo11s_data640_img640,5,5,4.05842,3.90703,0.49652,0.40724,0.41895,0.27375,0.44747013543369096,955.324,640,640,3799.8380880419863,/home/mikolaj/work/yolo-vs-rfdetr/trained_weights/yolo11s_data640_img640_best.pt,,,,,,
YOLO11-S,yolo,yolo11s_data640_img640,6,6,3.92169,3.76441,0.54517,0.43088,0.48032,0.31637,0.4813336398745133,1142.45,640,640,3799.8380880419863,/home/mikolaj/work/yolo-vs-rfdetr/trained_weights/yolo11s_data640_img640_best.pt,,,,,,
YOLO11-S,yolo,yolo11s_data640_img640,7,7,3.8409899999999997,3.63399,0.56748,0.45001,0.51204,0.34873,0.5019639992525705,1329.09,640,640,3799.8380880419863,/home/mikolaj/work/yolo-vs-rfdetr/trained_weights/yolo11s_data640_img640_best.pt,,,,,,
YOLO11-S,yolo,yolo11s_data640_img640,8,8,3.7430600000000003,3.5700199999999995,0.57716,0.46401,0.52893,0.35851,0.5144366656736994,1515.93,640,640,3799.8380880419863,/home/mikolaj/work/yolo-vs-rfdetr/trained_weights/yolo11s_data640_img640_best.pt,,,,,,
YOLO11-S,yolo,yolo11s_data640_img640,9,9,3.65048,3.40596,0.59219,0.48068,0.5467,0.38237,0.5306400387740074,1702.85,640,640,3799.8380880419863,/home/mikolaj/work/yolo-vs-rfdetr/trained_weights/yolo11s_data640_img640_best.pt,,,,,,
YOLO11-S,yolo,yolo11s_data640_img640,10,10,3.58012,3.4376300000000004,0.58395,0.49365,0.5476,0.38122,0.535016550667655,1889.48,640,640,3799.8380880419863,/home/mikolaj/work/yolo-vs-rfdetr/trained_weights/yolo11s_data640_img640_best.pt,,,,,,
YOLO11-S,yolo,yolo11s_data640_img640,11,11,3.65221,3.4328600000000002,0.59034,0.49421,0.54763,0.37817,0.5380147183619584,2075.47,640,640,3799.8380880419863,/home/mikolaj/work/yolo-vs-rfdetr/trained_weights/yolo11s_data640_img640_best.pt,,,,,,
YOLO11-S,yolo,yolo11s_data640_img640,12,12,3.52974,3.3871399999999996,0.6011,0.49878,0.55994,0.38801,0.5451806706181171,2260.0,640,640,3799.8380880419863,/home/mikolaj/work/yolo-vs-rfdetr/trained_weights/yolo11s_data640_img640_best.pt,,,,,,
YOLO11-S,yolo,yolo11s_data640_img640,13,13,3.43018,3.31341,0.61179,0.48641,0.55734,0.39093,0.5419427679834803,2444.78,640,640,3799.8380880419863,/home/mikolaj/work/yolo-vs-rfdetr/trained_weights/yolo11s_data640_img640_best.pt,,,,,,
YOLO11-S,yolo,yolo11s_data640_img640,14,14,3.33906,3.2798800000000004,0.63621,0.49548,0.56662,0.40092,0.5570948418731656,2630.02,640,640,3799.8380880419863,/home/mikolaj/work/yolo-vs-rfdetr/trained_weights/yolo11s_data640_img640_best.pt,,,,,,
YOLO11-S,yolo,yolo11s_data640_img640,15,15,3.243,3.2515,0.62699,0.5328,0.57695,0.40567,0.5760702747906292,2814.82,640,640,3799.8380880419863,/home/mikolaj/work/yolo-vs-rfdetr/trained_weights/yolo11s_data640_img640_best.pt,,,,,,
YOLO11-S,yolo,yolo11s_data640_img640,16,16,3.17001,3.24522,0.64294,0.51791,0.57638,0.40562,0.5736917868798089,3004.76,640,640,3799.8380880419863,/home/mikolaj/work/yolo-vs-rfdetr/trained_weights/yolo11s_data640_img640_best.pt,,,,,,
YOLO11-S,yolo,yolo11s_data640_img640,17,17,3.1100700000000003,3.20467,0.66503,0.5211,0.58706,0.41691,0.5843324644005427,3189.63,640,640,3799.8380880419863,/home/mikolaj/work/yolo-vs-rfdetr/trained_weights/yolo11s_data640_img640_best.pt,,,,,,
YOLO11-S,yolo,yolo11s_data640_img640,18,18,3.06602,3.19639,0.64831,0.53866,0.59285,0.41968,0.5884203722077319,3374.44,640,640,3799.8380880419863,/home/mikolaj/work/yolo-vs-rfdetr/trained_weights/yolo11s_data640_img640_best.pt,,,,,,
YOLO11-S,yolo,yolo11s_data640_img640,19,19,3.02377,3.21626,0.66403,0.52187,0.58738,0.41292,0.584429270764327,3559.05,640,640,3799.8380880419863,/home/mikolaj/work/yolo-vs-rfdetr/trained_weights/yolo11s_data640_img640_best.pt,,,,,,
YOLO11-S,yolo,yolo11s_data640_img640,20,20,3.01538,3.19772,0.66463,0.52344,0.58883,0.41514,0.585645504388979,3744.09,640,640,3799.8380880419863,/home/mikolaj/work/yolo-vs-rfdetr/trained_weights/yolo11s_data640_img640_best.pt,,,,,,
YOLO11-M,yolo,yolo11m_data640_img640,1,1,4.86092,5.1021399999999995,0.38975,0.30716,0.30169,0.1692,0.34356117719598867,409.652,640,640,7927.699025136011,/home/mikolaj/work/yolo-vs-rfdetr/trained_weights/yolo11m_data640_img640_best.pt,,,,,,
YOLO11-M,yolo,yolo11m_data640_img640,2,2,4.79284,4.68494,0.4438,0.3371,0.33804,0.20438,0.38316040466079765,804.586,640,640,7927.699025136011,/home/mikolaj/work/yolo-vs-rfdetr/trained_weights/yolo11m_data640_img640_best.pt,,,,,,
YOLO11-M,yolo,yolo11m_data640_img640,3,3,4.57921,4.30555,0.47307,0.3639,0.39711,0.25674,0.41136521739081283,1197.08,640,640,7927.699025136011,/home/mikolaj/work/yolo-vs-rfdetr/trained_weights/yolo11m_data640_img640_best.pt,,,,,,
YOLO11-M,yolo,yolo11m_data640_img640,4,4,4.40924,3.89609,0.54076,0.38762,0.45411,0.3116,0.4515594717675397,1588.22,640,640,7927.699025136011,/home/mikolaj/work/yolo-vs-rfdetr/trained_weights/yolo11m_data640_img640_best.pt,,,,,,
YOLO11-M,yolo,yolo11m_data640_img640,5,5,4.21347,3.8401699999999996,0.54804,0.40711,0.46167,0.30897,0.467178065015477,1979.85,640,640,7927.699025136011,/home/mikolaj/work/yolo-vs-rfdetr/trained_weights/yolo11m_data640_img640_best.pt,,,,,,
YOLO11-M,yolo,yolo11m_data640_img640,6,6,4.08197,3.7512999999999996,0.58047,0.42578,0.4966,0.33572,0.4912348156019962,2370.68,640,640,7927.699025136011,/home/mikolaj/work/yolo-vs-rfdetr/trained_weights/yolo11m_data640_img640_best.pt,,,,,,
YOLO11-M,yolo,yolo11m_data640_img640,7,7,3.97411,3.66649,0.55751,0.4347,0.49297,0.33656,0.48850464518550657,2761.83,640,640,7927.699025136011,/home/mikolaj/work/yolo-vs-rfdetr/trained_weights/yolo11m_data640_img640_best.pt,,,,,,
YOLO11-M,yolo,yolo11m_data640_img640,8,8,3.86749,3.5166000000000004,0.59064,0.4504,0.52088,0.3575,0.511074033658158,3157.96,640,640,7927.699025136011,/home/mikolaj/work/yolo-vs-rfdetr/trained_weights/yolo11m_data640_img640_best.pt,,,,,,
YOLO11-M,yolo,yolo11m_data640_img640,9,9,3.8006800000000003,3.5224999999999995,0.5762,0.44912,0.50085,0.34454,0.504784738422634,3549.31,640,640,7927.699025136011,/home/mikolaj/work/yolo-vs-rfdetr/trained_weights/yolo11m_data640_img640_best.pt,,,,,,
YOLO11-M,yolo,yolo11m_data640_img640,10,10,3.69811,3.4127799999999997,0.58028,0.48683,0.54445,0.38207,0.5294631526266931,3942.46,640,640,7927.699025136011,/home/mikolaj/work/yolo-vs-rfdetr/trained_weights/yolo11m_data640_img640_best.pt,,,,,,
YOLO11-M,yolo,yolo11m_data640_img640,11,11,3.6913300000000002,3.41972,0.60324,0.48722,0.55397,0.38551,0.5390579990090979,4335.16,640,640,7927.699025136011,/home/mikolaj/work/yolo-vs-rfdetr/trained_weights/yolo11m_data640_img640_best.pt,,,,,,
YOLO11-M,yolo,yolo11m_data640_img640,12,12,3.56392,3.36516,0.5979,0.49012,0.54894,0.38107,0.53867162000649,4732.4,640,640,7927.699025136011,/home/mikolaj/work/yolo-vs-rfdetr/trained_weights/yolo11m_data640_img640_best.pt,,,,,,
YOLO11-M,yolo,yolo11m_data640_img640,13,13,3.4443400000000004,3.30614,0.61629,0.49482,0.56066,0.39633,0.5489152609547668,5122.52,640,640,7927.699025136011,/home/mikolaj/work/yolo-vs-rfdetr/trained_weights/yolo11m_data640_img640_best.pt,,,,,,
YOLO11-M,yolo,yolo11m_data640_img640,14,14,3.32695,3.26793,0.60269,0.50559,0.55938,0.39433,0.5498863772687859,5513.18,640,640,7927.699025136011,/home/mikolaj/work/yolo-vs-rfdetr/trained_weights/yolo11m_data640_img640_best.pt,,,,,,
YOLO11-M,yolo,yolo11m_data640_img640,15,15,3.22829,3.2559899999999997,0.60756,0.50811,0.5637,0.39685,0.5534025502159657,5903.29,640,640,7927.699025136011,/home/mikolaj/work/yolo-vs-rfdetr/trained_weights/yolo11m_data640_img640_best.pt,,,,,,
YOLO11-M,yolo,yolo11m_data640_img640,16,16,3.14743,3.20983,0.61152,0.52088,0.57174,0.40596,0.5625724789821948,6293.46,640,640,7927.699025136011,/home/mikolaj/work/yolo-vs-rfdetr/trained_weights/yolo11m_data640_img640_best.pt,,,,,,
YOLO11-M,yolo,yolo11m_data640_img640,17,17,3.08338,3.2019900000000003,0.63,0.51194,0.58138,0.4101,0.5648671558921091,6683.76,640,640,7927.699025136011,/home/mikolaj/work/yolo-vs-rfdetr/trained_weights/yolo11m_data640_img640_best.pt,,,,,,
YOLO11-M,yolo,yolo11m_data640_img640,18,18,3.02259,3.18185,0.62676,0.5174,0.5803,0.41229,0.5668536288626007,7076.88,640,640,7927.699025136011,/home/mikolaj/work/yolo-vs-rfdetr/trained_weights/yolo11m_data640_img640_best.pt,,,,,,
YOLO11-M,yolo,yolo11m_data640_img640,19,19,2.98673,3.15869,0.60797,0.53565,0.58434,0.41503,0.5695233215573622,7467.94,640,640,7927.699025136011,/home/mikolaj/work/yolo-vs-rfdetr/trained_weights/yolo11m_data640_img640_best.pt,,,,,,
YOLO11-M,yolo,yolo11m_data640_img640,20,20,2.9571699999999996,3.15051,0.61608,0.53387,0.5868,0.41743,0.5720364008864975,7864.78,640,640,7927.699025136011,/home/mikolaj/work/yolo-vs-rfdetr/trained_weights/yolo11m_data640_img640_best.pt,,,,,,
RF-DETR-S,rfdetr,rfdetr_small_data640_img512,0,1,5.893513202667236,5.298896789550781,0.6491881608963013,0.5171561241149902,0.5973552465438843,0.4239780902862549,0.5647615790367126,,640,512,17042.248981022043,/home/mikolaj/work/yolo-vs-rfdetr/trained_weights/rfdetr_small_data640_img512_best.pth,0.4030576944351196,0.5447900295257568,0.6576618552207947,0.5344752669334412,0.0701778531074523,0.333705872297287
RF-DETR-S,rfdetr,rfdetr_small_data640_img512,1,2,5.084769248962402,5.320562839508057,0.632967472076416,0.557612419128418,0.6073845624923706,0.4268838763236999,0.5881865620613098,,640,512,17042.248981022043,/home/mikolaj/work/yolo-vs-rfdetr/trained_weights/rfdetr_small_data640_img512_best.pth,0.380339503288269,0.5406158566474915,0.6668067574501038,0.5379272103309631,0.0717674195766449,0.3638465106487274
RF-DETR-S,rfdetr,rfdetr_small_data640_img512,2,3,4.787501335144043,5.172216892242432,0.625160276889801,0.5992410182952881,0.6308851838111877,0.4338451623916626,0.6117693781852722,,640,512,17042.248981022043,/home/mikolaj/work/yolo-vs-rfdetr/trained_weights/rfdetr_small_data640_img512_best.pth,0.3773432672023773,0.5436863899230957,0.6686621308326721,0.5354881286621094,0.0733752697706222,0.4045157134532928
RF-DETR-S,rfdetr,rfdetr_small_data640_img512,3,4,4.641928195953369,4.882136344909668,0.697648286819458,0.5607663989067078,0.6341408491134644,0.461359828710556,0.6191964149475098,,640,512,17042.248981022043,/home/mikolaj/work/yolo-vs-rfdetr/trained_weights/rfdetr_small_data640_img512_best.pth,0.4369188249111175,0.5817937254905701,0.6990997195243835,0.580428421497345,0.0745036453008651,0.3954147100448608
RF-DETR-S,rfdetr,rfdetr_small_data640_img512,4,5,4.478789329528809,5.126999378204346,0.6620400547981262,0.5895150899887085,0.6420877575874329,0.4478293061256408,0.6229281425476074,,640,512,17042.248981022043,/home/mikolaj/work/yolo-vs-rfdetr/trained_weights/rfdetr_small_data640_img512_best.pth,0.4036934077739715,0.5695183277130127,0.681576132774353,0.5567528605461121,0.078389398753643,0.3970456123352051
RF-DETR-S,rfdetr,rfdetr_small_data640_img512,5,6,4.444841384887695,5.204935073852539,0.672104001045227,0.5758206844329834,0.6383026242256165,0.4368979632854461,0.6157612800598145,,640,512,17042.248981022043,/home/mikolaj/work/yolo-vs-rfdetr/trained_weights/rfdetr_small_data640_img512_best.pth,0.392403781414032,0.5531997680664062,0.650854766368866,0.5483017563819885,0.0727097764611244,0.4039179384708404
RF-DETR-S,rfdetr,rfdetr_small_data640_img512,6,7,4.392582893371582,5.153139591217041,0.6673539280891418,0.6006866693496704,0.651358425617218,0.4463782906532287,0.6279467940330505,,640,512,17042.248981022043,/home/mikolaj/work/yolo-vs-rfdetr/trained_weights/rfdetr_small_data640_img512_best.pth,0.4014127254486084,0.5574145317077637,0.6721550226211548,0.551095187664032,0.0800687223672866,0.4161235690116882
RF-DETR-S,rfdetr,rfdetr_small_data640_img512,7,8,4.2922539710998535,4.990224838256836,0.6776704788208008,0.5859369039535522,0.6450100541114807,0.4647957682609558,0.6239175200462341,,640,512,17042.248981022043,/home/mikolaj/work/yolo-vs-rfdetr/trained_weights/rfdetr_small_data640_img512_best.pth,0.4286960661411285,0.565078854560852,0.7029164433479309,0.5888512134552002,0.0651398822665214,0.4380921423435211
RF-DETR-S,rfdetr,rfdetr_small_data640_img512,8,9,4.2092790603637695,4.992994785308838,0.6604558825492859,0.6174724102020264,0.6421843767166138,0.4573655128479004,0.6348447799682617,,640,512,17042.248981022043,/home/mikolaj/work/yolo-vs-rfdetr/trained_weights/rfdetr_small_data640_img512_best.pth,0.4181663393974304,0.5706735849380493,0.69624263048172,0.5750893354415894,0.081205353140831,0.4028159379959106
RF-DETR-S,rfdetr,rfdetr_small_data640_img512,9,10,4.110807418823242,5.142399311065674,0.7114955186843872,0.5702196359634399,0.6390668749809265,0.4544722437858581,0.6282075643539429,,640,512,17042.248981022043,/home/mikolaj/work/yolo-vs-rfdetr/trained_weights/rfdetr_small_data640_img512_best.pth,0.4114843308925628,0.5650978088378906,0.668688952922821,0.5788179039955139,0.0766251981258392,0.4261192977428436
RF-DETR-S,rfdetr,rfdetr_small_data640_img512,10,11,3.9956367015838623,5.06399393081665,0.7033445835113525,0.5941329598426819,0.6521634459495544,0.4676384925842285,0.6398887038230896,,640,512,17042.248981022043,/home/mikolaj/work/yolo-vs-rfdetr/trained_weights/rfdetr_small_data640_img512_best.pth,0.4203199744224548,0.575667142868042,0.6972541809082031,0.5838009715080261,0.0776791870594024,0.4511094391345978
RF-DETR-S,rfdetr,rfdetr_small_data640_img512,11,12,3.9652602672576895,5.049635410308838,0.7000672817230225,0.5974864959716797,0.6304499506950378,0.4462013840675354,0.6356188654899597,,640,512,17042.248981022043,/home/mikolaj/work/yolo-vs-rfdetr/trained_weights/rfdetr_small_data640_img512_best.pth,0.4195653796195984,0.5703898668289185,0.6814380288124084,0.5626507997512817,0.0819284245371818,0.3612358570098877
RF-DETR-S,rfdetr,rfdetr_small_data640_img512,12,13,3.963859796524048,5.023097515106201,0.6583127379417419,0.6276692748069763,0.6468291878700256,0.4642920792102813,0.6372617483139038,,640,512,17042.248981022043,/home/mikolaj/work/yolo-vs-rfdetr/trained_weights/rfdetr_small_data640_img512_best.pth,0.4303323030471802,0.5778763294219971,0.6900768280029297,0.5794636607170105,0.0839268714189529,0.4240764677524566
RF-DETR-S,rfdetr,rfdetr_small_data640_img512,13,14,3.896604061126709,5.042489528656006,0.6781378388404846,0.6004704236984253,0.6489914059638977,0.4551779925823211,0.6351082921028137,,640,512,17042.248981022043,/home/mikolaj/work/yolo-vs-rfdetr/trained_weights/rfdetr_small_data640_img512_best.pth,0.4181175827980041,0.5703147053718567,0.6831904649734497,0.5732533931732178,0.0769051313400268,0.4092866778373718
RF-DETR-S,rfdetr,rfdetr_small_data640_img512,14,15,3.888895511627197,5.2111496925354,0.7302330732345581,0.5983355045318604,0.6610968112945557,0.4519183039665222,0.6560996174812317,,640,512,17042.248981022043,/home/mikolaj/work/yolo-vs-rfdetr/trained_weights/rfdetr_small_data640_img512_best.pth,0.3906994760036468,0.57953280210495,0.6704798340797424,0.5487931370735168,0.0897479355335235,0.4322565793991089
RF-DETR-S,rfdetr,rfdetr_small_data640_img512,15,16,3.8629419803619385,5.019771575927734,0.7280572652816772,0.5870947241783142,0.6454182863235474,0.4658222794532776,0.6401352882385254,,640,512,17042.248981022043,/home/mikolaj/work/yolo-vs-rfdetr/trained_weights/rfdetr_small_data640_img512_best.pth,0.432713896036148,0.5645924806594849,0.6954086422920227,0.5825375914573669,0.0675540789961814,0.452127069234848
RF-DETR-S,rfdetr,rfdetr_small_data640_img512,16,17,3.8167994022369385,5.023321628570557,0.7176365256309509,0.5994299054145813,0.6515266299247742,0.469467431306839,0.6511337161064148,,640,512,17042.248981022043,/home/mikolaj/work/yolo-vs-rfdetr/trained_weights/rfdetr_small_data640_img512_best.pth,0.4206439852714538,0.5704361796379089,0.6990340948104858,0.5778669118881226,0.0564677417278289,0.492355614900589
RF-DETR-S,rfdetr,rfdetr_small_data640_img512,17,18,3.75794529914856,4.970879554748535,0.7066069841384888,0.5808096528053284,0.6350811123847961,0.4569437503814697,0.6357792615890503,,640,512,17042.248981022043,/home/mikolaj/work/yolo-vs-rfdetr/trained_weights/rfdetr_small_data640_img512_best.pth,0.4137226343154907,0.5668219327926636,0.6863501667976379,0.5843267440795898,0.0772841349244117,0.4131569266319275
RF-DETR-S,rfdetr,rfdetr_small_data640_img512,18,19,3.7496418952941895,5.202785968780518,0.6611683964729309,0.6164402961730957,0.6351040601730347,0.4470028281211853,0.6350708603858948,,640,512,17042.248981022043,/home/mikolaj/work/yolo-vs-rfdetr/trained_weights/rfdetr_small_data640_img512_best.pth,0.4059775471687317,0.5505967736244202,0.6693295240402222,0.5590148568153381,0.0878433734178543,0.4092549085617065
RF-DETR-S,rfdetr,rfdetr_small_data640_img512,19,20,3.705751180648804,5.0836286544799805,0.7342508435249329,0.6095847487449646,0.6530861258506775,0.4634557366371155,0.6653884649276733,,640,512,17042.248981022043,/home/mikolaj/work/yolo-vs-rfdetr/trained_weights/rfdetr_small_data640_img512_best.pth,0.408554196357727,0.5695452690124512,0.6937477588653564,0.574141263961792,0.089564099907875,0.4451817572116852
RF-DETR-M,rfdetr,rfdetr_medium_data640_img576,0,1,7.240461826324463,6.5587663650512695,0.656474232673645,0.5338020324707031,0.6170437932014465,0.4401852190494537,0.5806097984313965,,640,576,20946.32367690798,/home/mikolaj/work/yolo-vs-rfdetr/trained_weights/rfdetr_medium_data640_img576_best.pth,0.40207040309906,0.5590874552726746,0.670043408870697,0.5462462306022644,0.0706043392419815,0.3930595219135284
RF-DETR-M,rfdetr,rfdetr_medium_data640_img576,1,2,6.209422111511231,6.193210124969482,0.6624677181243896,0.5653627514839172,0.6363309025764465,0.4615793526172638,0.6051110029220581,,640,576,20946.32367690798,/home/mikolaj/work/yolo-vs-rfdetr/trained_weights/rfdetr_medium_data640_img576_best.pth,0.4167429804801941,0.5834162831306458,0.686355471611023,0.5679740905761719,0.0731068328022956,0.4418805241584778
RF-DETR-M,rfdetr,rfdetr_medium_data640_img576,2,3,5.829211235046387,6.108638763427734,0.6884285807609558,0.5588822364807129,0.6417231559753418,0.4594773054122925,0.613593339920044,,640,576,20946.32367690798,/home/mikolaj/work/yolo-vs-rfdetr/trained_weights/rfdetr_medium_data640_img576_best.pth,0.4231387376785278,0.5760671496391296,0.6915684342384338,0.5757707953453064,0.0738866180181503,0.416432112455368
RF-DETR-M,rfdetr,rfdetr_medium_data640_img576,3,4,5.6124372482299805,6.20416784286499,0.6633778214454651,0.5864275097846985,0.6435434818267822,0.4704752266407013,0.6169217228889465,,640,576,20946.32367690798,/home/mikolaj/work/yolo-vs-rfdetr/trained_weights/rfdetr_medium_data640_img576_best.pth,0.4500226378440857,0.5946464538574219,0.7004675269126892,0.592038094997406,0.066423162817955,0.4192534387111664
RF-DETR-M,rfdetr,rfdetr_medium_data640_img576,4,5,5.467331886291504,6.174054145812988,0.6910405158996582,0.5899947285652161,0.6467673778533936,0.4612983167171478,0.6358955502510071,,640,576,20946.32367690798,/home/mikolaj/work/yolo-vs-rfdetr/trained_weights/rfdetr_medium_data640_img576_best.pth,0.4225435554981231,0.5853189826011658,0.6785067319869995,0.585397481918335,0.0793005675077438,0.4167225956916809
RF-DETR-M,rfdetr,rfdetr_medium_data640_img576,5,6,5.304657936096191,6.351001262664795,0.6786200404167175,0.5887930393218994,0.6499089002609253,0.4532191753387451,0.629882276058197,,640,576,20946.32367690798,/home/mikolaj/work/yolo-vs-rfdetr/trained_weights/rfdetr_medium_data640_img576_best.pth,0.4018840789794922,0.5927878022193909,0.6768757700920105,0.5625383257865906,0.0781644731760025,0.4070645570755005
RF-DETR-M,rfdetr,rfdetr_medium_data640_img576,6,7,5.170844078063965,6.187229633331299,0.7022817730903625,0.6064397096633911,0.6507177948951721,0.4646977186203003,0.6505785584449768,,640,576,20946.32367690798,/home/mikolaj/work/yolo-vs-rfdetr/trained_weights/rfdetr_medium_data640_img576_best.pth,0.4191722571849823,0.5915412306785583,0.6879324913024902,0.5796675682067871,0.0810277611017227,0.4288449585437774
RF-DETR-M,rfdetr,rfdetr_medium_data640_img576,7,8,5.085018157958984,6.459799766540527,0.7008102536201477,0.589766263961792,0.6417776346206665,0.4517637193202972,0.6378786563873291,,640,576,20946.32367690798,/home/mikolaj/work/yolo-vs-rfdetr/trained_weights/rfdetr_medium_data640_img576_best.pth,0.3981153964996338,0.5749623775482178,0.6847197413444519,0.5863670706748962,0.0771665424108505,0.3892512023448944
RF-DETR-M,rfdetr,rfdetr_medium_data640_img576,8,9,5.028683662414551,6.171106338500977,0.6973817348480225,0.6189777851104736,0.6471445560455322,0.4665133357048034,0.6553630828857422,,640,576,20946.32367690798,/home/mikolaj/work/yolo-vs-rfdetr/trained_weights/rfdetr_medium_data640_img576_best.pth,0.436882346868515,0.5820340514183044,0.6879106163978577,0.5927976369857788,0.09037846326828,0.4090769588947296
RF-DETR-M,rfdetr,rfdetr_medium_data640_img576,9,10,4.920355319976807,6.207093238830566,0.7023153305053711,0.6021601557731628,0.6466495990753174,0.4678964018821716,0.6437053680419922,,640,576,20946.32367690798,/home/mikolaj/work/yolo-vs-rfdetr/trained_weights/rfdetr_medium_data640_img576_best.pth,0.4374476671218872,0.5816844701766968,0.6968365907669067,0.5810215473175049,0.0822222381830215,0.428165853023529
RF-DETR-M,rfdetr,rfdetr_medium_data640_img576,10,11,4.804713726043701,6.285237312316895,0.7137906551361084,0.5947943329811096,0.6500862836837769,0.4591960310935974,0.6458653807640076,,640,576,20946.32367690798,/home/mikolaj/work/yolo-vs-rfdetr/trained_weights/rfdetr_medium_data640_img576_best.pth,0.4123091101646423,0.5768193602561951,0.6855275630950928,0.5697199702262878,0.0852049514651298,0.4255951642990112
RF-DETR-M,rfdetr,rfdetr_medium_data640_img576,11,12,4.7619309425354,6.354813098907471,0.6850740909576416,0.6364120244979858,0.6511513590812683,0.4578904211521148,0.6556724309921265,,640,576,20946.32367690798,/home/mikolaj/work/yolo-vs-rfdetr/trained_weights/rfdetr_medium_data640_img576_best.pth,0.4022103548049927,0.5789079666137695,0.6874303817749023,0.5587822198867798,0.0878042578697204,0.4322074055671692
RF-DETR-M,rfdetr,rfdetr_medium_data640_img576,12,13,4.766529560089111,6.24869966506958,0.7084521055221558,0.6255753040313721,0.660298228263855,0.4709204435348511,0.658977210521698,,640,576,20946.32367690798,/home/mikolaj/work/yolo-vs-rfdetr/trained_weights/rfdetr_medium_data640_img576_best.pth,0.4341798424720764,0.575892984867096,0.6900743246078491,0.5768404006958008,0.0393140278756618,0.5092211961746216
RF-DETR-M,rfdetr,rfdetr_medium_data640_img576,13,14,4.661811828613281,6.207047462463379,0.7466440200805664,0.5996547341346741,0.6668968200683594,0.4732138216495514,0.6647639870643616,,640,576,20946.32367690798,/home/mikolaj/work/yolo-vs-rfdetr/trained_weights/rfdetr_medium_data640_img576_best.pth,0.4219196736812591,0.5863721966743469,0.6833584904670715,0.5819077491760254,0.0931782275438308,0.472546637058258
RF-DETR-M,rfdetr,rfdetr_medium_data640_img576,14,15,4.644609928131104,6.117434978485107,0.6691954731941223,0.6599417328834534,0.6654102206230164,0.4743972718715668,0.6619812846183777,,640,576,20946.32367690798,/home/mikolaj/work/yolo-vs-rfdetr/trained_weights/rfdetr_medium_data640_img576_best.pth,0.4338564872741699,0.5906714200973511,0.689754068851471,0.5889616012573242,0.085215076804161,0.4579249620437622
RF-DETR-M,rfdetr,rfdetr_medium_data640_img576,15,16,4.606847763061523,6.185431480407715,0.6969273686408997,0.5958001017570496,0.6468044519424438,0.4674696326255798,0.6408777832984924,,640,576,20946.32367690798,/home/mikolaj/work/yolo-vs-rfdetr/trained_weights/rfdetr_medium_data640_img576_best.pth,0.4307183623313904,0.585018515586853,0.7017829418182373,0.5768029689788818,0.085841491818428,0.4246535897254944
RF-DETR-M,rfdetr,rfdetr_medium_data640_img576,16,17,4.56790828704834,6.127077579498291,0.6825175285339355,0.63528972864151,0.6465753316879272,0.4691983163356781,0.6538262963294983,,640,576,20946.32367690798,/home/mikolaj/work/yolo-vs-rfdetr/trained_weights/rfdetr_medium_data640_img576_best.pth,0.4417355954647064,0.5812584161758423,0.7018790245056152,0.5884594321250916,0.0864298120141029,0.4154276847839355
RF-DETR-M,rfdetr,rfdetr_medium_data640_img576,17,18,4.520877361297607,6.343847274780273,0.704309344291687,0.6193171739578247,0.6500996351242065,0.4599694311618805,0.6550984382629395,,640,576,20946.32367690798,/home/mikolaj/work/yolo-vs-rfdetr/trained_weights/rfdetr_medium_data640_img576_best.pth,0.4371407628059387,0.573096752166748,0.6804982423782349,0.5745769739151001,0.0814274027943611,0.4130765199661255
RF-DETR-M,rfdetr,rfdetr_medium_data640_img576,18,19,4.485313415527344,6.3219404220581055,0.7151960134506226,0.6138187646865845,0.6567777991294861,0.4637789130210876,0.6600096821784973,,640,576,20946.32367690798,/home/mikolaj/work/yolo-vs-rfdetr/trained_weights/rfdetr_medium_data640_img576_best.pth,0.4132850170135498,0.5798774361610413,0.6930899024009705,0.571582019329071,0.0777023360133171,0.447136789560318
RF-DETR-M,rfdetr,rfdetr_medium_data640_img576,19,20,4.456246376037598,6.3250274658203125,0.7047984004020691,0.6086039543151855,0.6546555757522583,0.4619131088256836,0.6524029970169067,,640,576,20946.32367690798,/home/mikolaj/work/yolo-vs-rfdetr/trained_weights/rfdetr_medium_data640_img576_best.pth,0.4214076995849609,0.5797234177589417,0.6866980791091919,0.5616732835769653,0.0882274955511093,0.433748722076416
